{"file":"zhanling.png","frames":{
"biaoti_zhanlingbiaosheng":{"x":353,"y":145,"w":148,"h":29,"offX":0,"offY":3,"sourceW":148,"sourceH":34},
"zl_skin_5":{"x":209,"y":147,"w":70,"h":70,"offX":0,"offY":1,"sourceW":70,"sourceH":72},
"zl_skill_icon_11":{"x":157,"y":219,"w":64,"h":64,"offX":0,"offY":0,"sourceW":64,"sourceH":64},
"zl_name_12":{"x":105,"y":411,"w":50,"h":203,"offX":0,"offY":0,"sourceW":50,"sourceH":203},
"zl_skill_icon_7":{"x":81,"y":821,"w":64,"h":64,"offX":0,"offY":0,"sourceW":64,"sourceH":64},
"zl_name_7":{"x":53,"y":616,"w":50,"h":203,"offX":0,"offY":0,"sourceW":50,"sourceH":203},
"zl_skill_icon_6":{"x":347,"y":242,"w":64,"h":64,"offX":0,"offY":0,"sourceW":64,"sourceH":64},
"zl_icon_talent_1":{"x":281,"y":213,"w":64,"h":64,"offX":0,"offY":0,"sourceW":64,"sourceH":64},
"zl_name_10":{"x":157,"y":1,"w":50,"h":203,"offX":0,"offY":0,"sourceW":50,"sourceH":203},
"zl_name_9":{"x":105,"y":206,"w":50,"h":203,"offX":0,"offY":0,"sourceW":50,"sourceH":203},
"zl_name_8":{"x":53,"y":411,"w":50,"h":203,"offX":0,"offY":0,"sourceW":50,"sourceH":203},
"zl_name_2":{"x":1,"y":616,"w":50,"h":203,"offX":0,"offY":0,"sourceW":50,"sourceH":203},
"zl_name_1":{"x":105,"y":1,"w":50,"h":203,"offX":0,"offY":0,"sourceW":50,"sourceH":203},
"zl_equip_bg_4":{"x":223,"y":219,"w":56,"h":61,"offX":5,"offY":15,"sourceW":68,"sourceH":85},
"zl_skin_3":{"x":209,"y":74,"w":70,"h":71,"offX":0,"offY":0,"sourceW":70,"sourceH":72},
"zl_equip_bg_1":{"x":223,"y":282,"w":52,"h":62,"offX":7,"offY":14,"sourceW":68,"sourceH":85},
"zl_huanxing_btn":{"x":425,"y":73,"w":70,"h":70,"offX":0,"offY":0,"sourceW":70,"sourceH":70},
"zl_skill_icon_8":{"x":157,"y":285,"w":64,"h":64,"offX":0,"offY":0,"sourceW":64,"sourceH":64},
"zl_name_6":{"x":53,"y":206,"w":50,"h":203,"offX":0,"offY":0,"sourceW":50,"sourceH":203},
"zl_state_1":{"x":157,"y":417,"w":67,"h":51,"offX":1,"offY":1,"sourceW":69,"sourceH":53},
"zl_jineng":{"x":479,"y":247,"w":28,"h":69,"offX":0,"offY":0,"sourceW":28,"sourceH":69},
"zl_equip_bg_2":{"x":226,"y":411,"w":46,"h":63,"offX":12,"offY":13,"sourceW":68,"sourceH":85},
"zl_skin_6":{"x":353,"y":73,"w":70,"h":70,"offX":0,"offY":1,"sourceW":70,"sourceH":72},
"zl_name_5":{"x":1,"y":411,"w":50,"h":203,"offX":0,"offY":0,"sourceW":50,"sourceH":203},
"zl_skin_2":{"x":281,"y":74,"w":70,"h":71,"offX":0,"offY":0,"sourceW":70,"sourceH":72},
"zl_skill_icon_5":{"x":105,"y":748,"w":64,"h":64,"offX":0,"offY":0,"sourceW":64,"sourceH":64},
"zl_suit_btn":{"x":157,"y":523,"w":57,"h":57,"offX":0,"offY":0,"sourceW":57,"sourceH":57},
"zl_skin_4":{"x":281,"y":1,"w":70,"h":71,"offX":0,"offY":0,"sourceW":70,"sourceH":72},
"zl_name_4":{"x":53,"y":1,"w":50,"h":203,"offX":0,"offY":0,"sourceW":50,"sourceH":203},
"zl_name_3":{"x":1,"y":206,"w":50,"h":203,"offX":0,"offY":0,"sourceW":50,"sourceH":203},
"zl_skill_icon_12":{"x":157,"y":351,"w":64,"h":64,"offX":0,"offY":0,"sourceW":64,"sourceH":64},
"zl_skill_icon_1":{"x":147,"y":814,"w":64,"h":64,"offX":0,"offY":0,"sourceW":64,"sourceH":64},
"zl_skill_icon_9":{"x":413,"y":242,"w":64,"h":64,"offX":0,"offY":0,"sourceW":64,"sourceH":64},
"zl_quxiao_btn":{"x":1,"y":901,"w":70,"h":71,"offX":0,"offY":1,"sourceW":70,"sourceH":72},
"zl_equip_bg_3":{"x":223,"y":346,"w":51,"h":63,"offX":8,"offY":13,"sourceW":68,"sourceH":85},
"zl_name_11":{"x":1,"y":1,"w":50,"h":203,"offX":0,"offY":0,"sourceW":50,"sourceH":203},
"zl_skill_icon_10":{"x":105,"y":682,"w":64,"h":64,"offX":0,"offY":0,"sourceW":64,"sourceH":64},
"zl_skill_icon_2":{"x":105,"y":616,"w":64,"h":64,"offX":0,"offY":0,"sourceW":64,"sourceH":64},
"zl_skin_7":{"x":425,"y":1,"w":70,"h":70,"offX":0,"offY":1,"sourceW":70,"sourceH":72},
"zl_huanhua_btn":{"x":209,"y":1,"w":70,"h":71,"offX":0,"offY":0,"sourceW":70,"sourceH":72},
"zl_tianfu":{"x":479,"y":176,"w":28,"h":69,"offX":0,"offY":0,"sourceW":28,"sourceH":69},
"biaoti_zhanling":{"x":1,"y":974,"w":83,"h":26,"offX":11,"offY":4,"sourceW":103,"sourceH":34},
"zl_skill_icon_4":{"x":347,"y":176,"w":64,"h":64,"offX":0,"offY":0,"sourceW":64,"sourceH":64},
"zl_state_0":{"x":157,"y":470,"w":67,"h":51,"offX":1,"offY":1,"sourceW":69,"sourceH":53},
"zl_icon_talent_0":{"x":281,"y":147,"w":64,"h":64,"offX":0,"offY":0,"sourceW":64,"sourceH":64},
"zl_skill_icon_3":{"x":413,"y":176,"w":64,"h":64,"offX":0,"offY":0,"sourceW":64,"sourceH":64},
"zl_skin_1":{"x":353,"y":1,"w":70,"h":70,"offX":0,"offY":1,"sourceW":70,"sourceH":72},
"xuanzhongyuan1":{"x":1,"y":821,"w":78,"h":78,"offX":0,"offY":0,"sourceW":78,"sourceH":78}}}