{"file":"zhanling.png","frames":{
"zl_huanhua_btn":{"x":272,"y":73,"w":70,"h":71,"offX":0,"offY":0,"sourceW":70,"sourceH":72},
"zl_huanxing_btn":{"x":410,"y":145,"w":70,"h":70,"offX":0,"offY":0,"sourceW":70,"sourceH":70},
"zl_skin_3":{"x":338,"y":0,"w":70,"h":71,"offX":0,"offY":0,"sourceW":70,"sourceH":72},
"zl_suit_btn":{"x":418,"y":355,"w":57,"h":57,"offX":0,"offY":0,"sourceW":57,"sourceH":57},
"zl_name_5":{"x":214,"y":205,"w":50,"h":203,"offX":0,"offY":0,"sourceW":50,"sourceH":203},
"zl_icon_talent_0":{"x":286,"y":348,"w":64,"h":64,"offX":0,"offY":0,"sourceW":64,"sourceH":64},
"skill_icon_jueming_png":{"x":280,"y":483,"w":64,"h":64,"offX":0,"offY":0,"sourceW":64,"sourceH":64},
"zl_skill_icon_9":{"x":366,"y":483,"w":64,"h":64,"offX":0,"offY":0,"sourceW":64,"sourceH":64},
"zl_name_4":{"x":162,"y":615,"w":50,"h":203,"offX":0,"offY":0,"sourceW":50,"sourceH":203},
"xuanzhongyuan1":{"x":0,"y":914,"w":78,"h":78,"offX":0,"offY":0,"sourceW":78,"sourceH":78},
"zl_equip_bg_3":{"x":432,"y":544,"w":51,"h":63,"offX":8,"offY":13,"sourceW":68,"sourceH":85},
"zl_tianfu":{"x":482,"y":0,"w":28,"h":69,"offX":0,"offY":0,"sourceW":28,"sourceH":69},
"biaoti_zhanling":{"x":80,"y":990,"w":83,"h":26,"offX":11,"offY":4,"sourceW":103,"sourceH":34},
"zl_name_9":{"x":162,"y":410,"w":50,"h":203,"offX":0,"offY":0,"sourceW":50,"sourceH":203},
"zl_skill_icon_8":{"x":214,"y":681,"w":64,"h":64,"offX":0,"offY":0,"sourceW":64,"sourceH":64},
"zl_jineng":{"x":482,"y":144,"w":28,"h":69,"offX":0,"offY":0,"sourceW":28,"sourceH":69},
"zl_skill_icon_4":{"x":214,"y":615,"w":64,"h":64,"offX":0,"offY":0,"sourceW":64,"sourceH":64},
"zl_state_0":{"x":418,"y":302,"w":67,"h":51,"offX":1,"offY":1,"sourceW":69,"sourceH":53},
"zl_skill_icon_2":{"x":214,"y":549,"w":64,"h":64,"offX":0,"offY":0,"sourceW":64,"sourceH":64},
"zl_skin_2":{"x":266,"y":202,"w":70,"h":71,"offX":0,"offY":0,"sourceW":70,"sourceH":72},
"zl_skill_icon_11":{"x":272,"y":0,"w":64,"h":64,"offX":0,"offY":0,"sourceW":64,"sourceH":64},
"zl_name_6":{"x":168,"y":0,"w":50,"h":203,"offX":0,"offY":0,"sourceW":50,"sourceH":203},
"zl_skin_4":{"x":272,"y":275,"w":70,"h":71,"offX":0,"offY":0,"sourceW":70,"sourceH":72},
"zl_state_1":{"x":410,"y":249,"w":67,"h":51,"offX":1,"offY":1,"sourceW":69,"sourceH":53},
"zl_name_8":{"x":162,"y":205,"w":50,"h":203,"offX":0,"offY":0,"sourceW":50,"sourceH":203},
"zl_name_11":{"x":110,"y":637,"w":50,"h":203,"offX":0,"offY":0,"sourceW":50,"sourceH":203},
"zl_skill_icon_6":{"x":300,"y":813,"w":64,"h":64,"offX":0,"offY":0,"sourceW":64,"sourceH":64},
"zl_skin_7":{"x":338,"y":146,"w":70,"h":70,"offX":0,"offY":1,"sourceW":70,"sourceH":72},
"zl_quxiao_btn":{"x":214,"y":410,"w":70,"h":71,"offX":0,"offY":1,"sourceW":70,"sourceH":72},
"zl_skill_icon_5":{"x":214,"y":483,"w":64,"h":64,"offX":0,"offY":0,"sourceW":64,"sourceH":64},
"zl_skill_icon_1":{"x":352,"y":315,"w":64,"h":64,"offX":0,"offY":0,"sourceW":64,"sourceH":64},
"zl_skin_30":{"x":224,"y":894,"w":70,"h":72,"offX":0,"offY":0,"sourceW":70,"sourceH":72},
"zl_name_3":{"x":110,"y":432,"w":50,"h":203,"offX":0,"offY":0,"sourceW":50,"sourceH":203},
"zl_name_10":{"x":116,"y":0,"w":50,"h":203,"offX":0,"offY":0,"sourceW":50,"sourceH":203},
"zl_name_1":{"x":110,"y":227,"w":50,"h":203,"offX":0,"offY":0,"sourceW":50,"sourceH":203},
"biaoti_zhanlingbiaosheng":{"x":338,"y":218,"w":148,"h":29,"offX":0,"offY":3,"sourceW":148,"sourceH":34},
"zl_name_2":{"x":58,"y":637,"w":50,"h":203,"offX":0,"offY":0,"sourceW":50,"sourceH":203},
"zl_name_12":{"x":58,"y":432,"w":50,"h":203,"offX":0,"offY":0,"sourceW":50,"sourceH":203},
"zl_skill_icon_12":{"x":344,"y":414,"w":64,"h":64,"offX":0,"offY":0,"sourceW":64,"sourceH":64},
"zl_name_30":{"x":0,"y":230,"w":56,"h":228,"offX":0,"offY":0,"sourceW":56,"sourceH":228},
"zl_equip_bg_4":{"x":286,"y":414,"w":56,"h":61,"offX":5,"offY":15,"sourceW":68,"sourceH":85},
"zl_skill_icon_3":{"x":214,"y":747,"w":64,"h":64,"offX":0,"offY":0,"sourceW":64,"sourceH":64},
"zl_icon_talent_1":{"x":344,"y":249,"w":64,"h":64,"offX":0,"offY":0,"sourceW":64,"sourceH":64},
"zl_skin_5":{"x":344,"y":73,"w":70,"h":70,"offX":0,"offY":1,"sourceW":70,"sourceH":72},
"zl_skin_6":{"x":416,"y":72,"w":70,"h":70,"offX":0,"offY":1,"sourceW":70,"sourceH":72},
"zl_equip_bg_1":{"x":432,"y":480,"w":52,"h":62,"offX":7,"offY":14,"sourceW":68,"sourceH":85},
"zl_equip_bg_2":{"x":366,"y":549,"w":46,"h":63,"offX":12,"offY":13,"sourceW":68,"sourceH":85},
"zl_skill_icon_7":{"x":410,"y":414,"w":64,"h":64,"offX":0,"offY":0,"sourceW":64,"sourceH":64},
"zl_skill_icon_10":{"x":234,"y":813,"w":64,"h":64,"offX":0,"offY":0,"sourceW":64,"sourceH":64},
"zl_name_7":{"x":58,"y":227,"w":50,"h":203,"offX":0,"offY":0,"sourceW":50,"sourceH":203},
"zl_skin_1":{"x":410,"y":0,"w":70,"h":70,"offX":0,"offY":1,"sourceW":70,"sourceH":72},
"zl_name_36":{"x":220,"y":0,"w":50,"h":200,"offX":0,"offY":3,"sourceW":50,"sourceH":203},
"zl_name_32":{"x":0,"y":0,"w":56,"h":228,"offX":0,"offY":0,"sourceW":56,"sourceH":228},
"zl_name_33":{"x":0,"y":460,"w":56,"h":225,"offX":0,"offY":3,"sourceW":56,"sourceH":228},
"zl_name_34":{"x":58,"y":0,"w":56,"h":225,"offX":0,"offY":3,"sourceW":56,"sourceH":228},
"zl_name_35":{"x":0,"y":687,"w":56,"h":225,"offX":0,"offY":3,"sourceW":56,"sourceH":228},
"zl_skin_36":{"x":80,"y":842,"w":70,"h":72,"offX":0,"offY":0,"sourceW":70,"sourceH":72},
"zl_skin_32":{"x":162,"y":820,"w":70,"h":72,"offX":0,"offY":0,"sourceW":70,"sourceH":72},
"zl_skin_33":{"x":296,"y":894,"w":70,"h":72,"offX":0,"offY":0,"sourceW":70,"sourceH":72},
"zl_skin_34":{"x":152,"y":894,"w":70,"h":72,"offX":0,"offY":0,"sourceW":70,"sourceH":72},
"zl_skin_35":{"x":80,"y":916,"w":70,"h":72,"offX":0,"offY":0,"sourceW":70,"sourceH":72}}}